timestamp,energy_kwh,temp_celsius,load_percentage
1/1/2023 10:00 AM,33.64,25.16,16.1
1/1/2023 10:00 PM,26.29,19.49,42.4
1/1/2023 11:00 AM,31.71,23.39,50.0
1/1/2023 11:00 PM,26.73,21.78,82.5
1/1/2023 12:00 AM,30.5,22.7,42.6
1/1/2023 12:00 PM,30.36,23.04,73.6
1/1/2023 1:00 AM,31.94,23.76,15.3
1/1/2023 1:00 PM,26.15,20.36,66.6
1/1/2023 2:00 AM,34.67,24.53,37.9
1/1/2023 2:00 PM,24.42,20.37,14.0
1/1/2023 3:00 AM,37.21,25.21,18.9
1/1/2023 3:00 PM,23.93,18.56,15.8
1/1/2023 4:00 AM,36.73,26.68,74.7
1/1/2023 4:00 PM,22.22,17.34,42.2
1/1/2023 5:00 AM,37.54,27.03,85.8
1/1/2023 5:00 PM,22.76,16.93,33.6
1/1/2023 6:00 AM,39.64,27.45,15.8
1/1/2023 6:00 PM,21.27,16.84,28.6
1/1/2023 7:00 AM,38.56,27.15,86.4
1/1/2023 7:00 PM,21.05,17.38,32.5
1/1/2023 8:00 AM,36.54,26.85,51.8
1/1/2023 8:00 PM,24.74,17.93,74.3
1/1/2023 9:00 AM,36.29,25.27,34.0
1/1/2023 9:00 PM,24.33,18.18,84.3
1/10/2023 10:00 AM,36.32,24.52,53.7
1/10/2023 10:00 PM,27.72,19.78,86.9
1/10/2023 11:00 AM,33.26,23.22,44.6
1/10/2023 11:00 PM,31.17,21.52,25.8
1/10/2023 12:00 AM,31.39,21.66,20.7
1/10/2023 12:00 PM,31.56,22.48,13.5
1/10/2023 1:00 AM,34.0,23.43,86.6
1/10/2023 1:00 PM,30.9,21.81,23.3
1/10/2023 2:00 AM,35.69,24.08,52.4
1/10/2023 2:00 PM,27.57,19.22,45.6
1/10/2023 3:00 AM,37.93,26.61,29.4
1/10/2023 3:00 PM,26.87,17.78,26.7
1/10/2023 4:00 AM,41.44,25.74,50.0
1/10/2023 4:00 PM,25.44,17.63,14.0
1/10/2023 5:00 AM,38.07,26.98,64.4
1/10/2023 5:00 PM,23.95,18.46,77.5
1/10/2023 6:00 AM,40.91,27.32,16.1
1/10/2023 6:00 PM,26.48,16.6,88.5
1/10/2023 7:00 AM,38.34,27.04,32.0
1/10/2023 7:00 PM,25.26,17.99,73.5
1/10/2023 8:00 AM,38.7,26.24,74.6
1/10/2023 8:00 PM,23.41,18.51,78.3
1/10/2023 9:00 AM,39.0,25.47,46.8
1/10/2023 9:00 PM,26.9,18.19,29.4
1/11/2023 10:00 AM,35.24,24.67,88.5
1/11/2023 10:00 PM,25.38,19.77,29.8
1/11/2023 11:00 AM,35.5,23.71,25.2
1/11/2023 11:00 PM,29.54,20.25,61.2
1/11/2023 12:00 AM,31.61,21.81,86.1
1/11/2023 12:00 PM,34.64,21.0,73.4
1/11/2023 1:00 AM,34.37,23.19,89.6
1/11/2023 1:00 PM,31.49,20.89,82.6
1/11/2023 2:00 AM,36.92,24.21,66.9
1/11/2023 2:00 PM,27.02,20.11,85.5
1/11/2023 3:00 AM,38.95,25.03,88.5
1/11/2023 3:00 PM,26.41,17.86,86.8
1/11/2023 4:00 AM,38.17,26.01,55.6
1/11/2023 4:00 PM,26.9,18.51,51.7
1/11/2023 5:00 AM,39.84,26.22,30.8
1/11/2023 5:00 PM,24.13,17.38,88.2
1/11/2023 6:00 AM,39.99,27.02,45.0
1/11/2023 6:00 PM,25.02,16.65,70.6
1/11/2023 7:00 AM,39.54,26.44,57.5
1/11/2023 7:00 PM,25.64,17.14,22.9
1/11/2023 8:00 AM,41.17,26.45,15.8
1/11/2023 8:00 PM,24.74,17.95,48.2
1/11/2023 9:00 AM,38.55,24.76,59.8
1/11/2023 9:00 PM,26.89,18.5,67.5
1/12/2023 10:00 AM,35.76,25.11,60.7
1/12/2023 10:00 PM,28.71,18.58,41.8
1/12/2023 11:00 AM,35.28,23.36,27.8
1/12/2023 11:00 PM,31.39,20.96,83.6
1/12/2023 12:00 AM,32.39,22.08,63.3
1/12/2023 12:00 PM,32.96,23.16,35.7
1/12/2023 1:00 AM,33.47,22.59,23.0
1/12/2023 1:00 PM,30.1,20.9,77.8
1/12/2023 2:00 AM,38.29,24.44,55.2
1/12/2023 2:00 PM,28.85,19.6,68.3
1/12/2023 3:00 AM,36.9,25.08,71.7
1/12/2023 3:00 PM,26.75,18.31,17.6
1/12/2023 4:00 AM,39.17,25.96,49.9
1/12/2023 4:00 PM,25.99,17.74,44.3
1/12/2023 5:00 AM,40.55,27.45,11.0
1/12/2023 5:00 PM,25.74,17.09,12.3
1/12/2023 6:00 AM,42.14,27.55,10.7
1/12/2023 6:00 PM,26.41,17.35,48.5
1/12/2023 7:00 AM,39.0,27.13,38.6
1/12/2023 7:00 PM,23.86,17.65,63.0
1/12/2023 8:00 AM,40.81,25.78,84.1
1/12/2023 8:00 PM,28.04,17.28,19.5
1/12/2023 9:00 AM,38.4,25.38,28.3
1/12/2023 9:00 PM,25.24,17.8,33.1
1/13/2023 10:00 AM,37.79,24.63,73.0
1/13/2023 10:00 PM,28.88,19.49,12.9
1/13/2023 11:00 AM,35.69,23.45,30.1
1/13/2023 11:00 PM,32.14,21.11,24.0
1/13/2023 12:00 AM,33.16,21.45,89.5
1/13/2023 12:00 PM,32.17,21.67,55.1
1/13/2023 1:00 AM,34.34,22.22,13.6
1/13/2023 1:00 PM,30.38,21.2,38.7
1/13/2023 2:00 AM,36.69,24.69,70.9
1/13/2023 2:00 PM,29.77,19.41,62.5
1/13/2023 3:00 AM,38.07,26.78,39.7
1/13/2023 3:00 PM,27.98,18.09,29.2
1/13/2023 4:00 AM,39.26,26.33,41.4
1/13/2023 4:00 PM,26.09,17.94,25.3
1/13/2023 5:00 AM,41.51,27.25,70.3
1/13/2023 5:00 PM,25.44,16.72,83.5
1/13/2023 6:00 AM,41.3,27.04,83.5
1/13/2023 6:00 PM,26.34,17.01,18.1
1/13/2023 7:00 AM,39.98,26.78,86.1
1/13/2023 7:00 PM,24.75,17.17,50.5
1/13/2023 8:00 AM,40.79,26.79,56.2
1/13/2023 8:00 PM,26.7,18.21,27.7
1/13/2023 9:00 AM,38.93,25.39,38.6
1/13/2023 9:00 PM,27.23,18.7,13.1
1/14/2023 10:00 AM,36.4,24.46,81.5
1/14/2023 10:00 PM,30.32,19.57,26.6
1/14/2023 11:00 AM,37.39,23.54,85.7
1/14/2023 11:00 PM,31.13,20.54,15.7
1/14/2023 12:00 AM,33.95,22.7,79.3
1/14/2023 12:00 PM,32.23,22.03,81.4
1/14/2023 1:00 AM,36.01,23.57,32.6
1/14/2023 1:00 PM,29.97,19.72,43.6
1/14/2023 2:00 AM,38.45,24.51,86.0
1/14/2023 2:00 PM,30.42,19.03,72.4
1/14/2023 3:00 AM,38.83,24.88,56.5
1/14/2023 3:00 PM,28.4,18.39,48.1
1/14/2023 4:00 AM,40.77,25.8,44.9
1/14/2023 4:00 PM,26.98,17.07,49.8
1/14/2023 5:00 AM,40.59,26.68,56.4
1/14/2023 5:00 PM,26.19,17.47,26.4
1/14/2023 6:00 AM,41.5,26.7,51.3
1/14/2023 6:00 PM,25.29,17.77,57.3
1/14/2023 7:00 AM,40.79,26.74,70.7
1/14/2023 7:00 PM,24.69,17.78,24.9
1/14/2023 8:00 AM,40.23,26.36,32.6
1/14/2023 8:00 PM,26.47,17.56,36.5
1/14/2023 9:00 AM,39.46,25.8,38.2
1/14/2023 9:00 PM,27.0,19.21,78.4
1/15/2023 10:00 AM,36.01,23.22,22.1
1/15/2023 10:00 PM,29.9,18.76,87.8
1/15/2023 11:00 AM,34.13,23.76,80.1
1/15/2023 11:00 PM,30.69,20.8,28.1
1/15/2023 12:00 AM,32.53,21.69,15.5
1/15/2023 12:00 PM,32.76,21.32,53.1
1/15/2023 1:00 AM,35.12,23.14,85.3
1/15/2023 1:00 PM,31.21,20.59,32.6
1/15/2023 2:00 AM,37.79,24.31,50.6
1/15/2023 2:00 PM,29.81,18.91,44.0
1/15/2023 3:00 AM,38.48,25.62,42.8
1/15/2023 3:00 PM,29.33,17.56,13.0
1/15/2023 4:00 AM,39.51,26.41,74.9
1/15/2023 4:00 PM,27.45,17.94,20.2
1/15/2023 5:00 AM,41.38,26.83,76.9
1/15/2023 5:00 PM,25.64,17.55,71.2
1/15/2023 6:00 AM,41.66,27.22,36.6
1/15/2023 6:00 PM,25.52,16.71,10.0
1/15/2023 7:00 AM,40.65,27.42,65.5
1/15/2023 7:00 PM,24.82,15.87,43.3
1/15/2023 8:00 AM,39.9,26.8,71.7
1/15/2023 8:00 PM,26.61,17.4,51.8
1/15/2023 9:00 AM,39.34,24.79,62.4
1/15/2023 9:00 PM,27.62,18.66,14.4
1/16/2023 10:00 AM,37.72,24.41,43.8
1/16/2023 10:00 PM,27.7,20.58,57.3
1/16/2023 11:00 AM,36.28,24.15,34.2
1/16/2023 11:00 PM,31.23,20.4,62.9
1/16/2023 12:00 AM,34.12,21.99,34.3
1/16/2023 12:00 PM,35.17,21.31,36.0
1/16/2023 1:00 AM,37.21,23.58,34.3
1/16/2023 1:00 PM,32.62,19.9,67.0
1/16/2023 2:00 AM,37.51,24.56,28.4
1/16/2023 2:00 PM,31.89,20.24,75.3
1/16/2023 3:00 AM,39.69,25.05,10.1
1/16/2023 3:00 PM,27.33,18.36,24.5
1/16/2023 4:00 AM,41.26,26.93,68.3
1/16/2023 4:00 PM,27.7,17.34,39.7
1/16/2023 5:00 AM,40.98,26.75,87.3
1/16/2023 5:00 PM,26.23,17.69,82.2
1/16/2023 6:00 AM,41.88,26.99,27.9
1/16/2023 6:00 PM,27.97,16.7,74.5
1/16/2023 7:00 AM,41.41,26.36,63.0
1/16/2023 7:00 PM,25.25,18.08,88.8
1/16/2023 8:00 AM,40.71,26.11,69.4
1/16/2023 8:00 PM,26.03,18.01,70.3
1/16/2023 9:00 AM,38.57,25.09,77.9
1/16/2023 9:00 PM,27.55,18.22,41.5
1/17/2023 10:00 AM,39.12,24.32,33.7
1/17/2023 10:00 PM,28.99,18.79,83.7
1/17/2023 11:00 AM,35.55,23.39,67.2
1/17/2023 11:00 PM,31.86,21.46,65.6
1/17/2023 12:00 AM,33.08,22.37,16.3
1/17/2023 12:00 PM,32.25,21.33,70.7
1/17/2023 1:00 AM,36.07,23.44,53.6
1/17/2023 1:00 PM,33.25,20.22,18.2
1/17/2023 2:00 AM,38.2,25.15,66.7
1/17/2023 2:00 PM,29.87,20.1,51.1
1/17/2023 3:00 AM,41.4,26.32,23.4
1/17/2023 3:00 PM,29.57,18.14,50.7
1/17/2023 4:00 AM,41.76,26.35,72.5
1/17/2023 4:00 PM,25.48,17.15,39.5
1/17/2023 5:00 AM,41.04,26.45,56.7
1/17/2023 5:00 PM,25.68,17.44,84.6
1/17/2023 6:00 AM,41.0,27.23,86.2
1/17/2023 6:00 PM,26.03,17.59,76.2
1/17/2023 7:00 AM,42.13,26.49,13.4
1/17/2023 7:00 PM,26.35,17.53,65.8
1/17/2023 8:00 AM,39.53,27.34,31.2
1/17/2023 8:00 PM,26.66,18.17,67.1
1/17/2023 9:00 AM,41.42,25.6,58.1
1/17/2023 9:00 PM,29.02,18.09,46.9
1/18/2023 10:00 AM,39.36,25.26,68.2
1/18/2023 10:00 PM,29.12,19.65,66.3
1/18/2023 11:00 AM,36.33,23.55,55.0
1/18/2023 11:00 PM,30.2,21.11,87.6
1/18/2023 12:00 AM,34.2,21.84,68.3
1/18/2023 12:00 PM,36.26,22.27,85.8
1/18/2023 1:00 AM,36.67,23.17,78.9
1/18/2023 1:00 PM,33.89,21.24,49.7
1/18/2023 2:00 AM,38.81,25.16,31.9
1/18/2023 2:00 PM,29.97,19.32,40.4
1/18/2023 3:00 AM,38.64,25.81,74.6
1/18/2023 3:00 PM,29.54,18.04,23.0
1/18/2023 4:00 AM,39.51,26.56,25.6
1/18/2023 4:00 PM,27.96,17.15,72.9
1/18/2023 5:00 AM,43.14,27.91,37.6
1/18/2023 5:00 PM,27.89,16.19,68.8
1/18/2023 6:00 AM,42.47,26.68,36.8
1/18/2023 6:00 PM,25.3,18.03,40.7
1/18/2023 7:00 AM,41.13,27.29,88.3
1/18/2023 7:00 PM,27.23,16.62,12.0
1/18/2023 8:00 AM,42.64,26.36,78.5
1/18/2023 8:00 PM,28.41,17.56,77.1
1/18/2023 9:00 AM,39.94,25.67,66.1
1/18/2023 9:00 PM,26.87,18.33,10.9
1/19/2023 10:00 AM,36.35,24.59,24.3
1/19/2023 10:00 PM,30.01,19.78,30.0
1/19/2023 11:00 AM,36.41,22.65,74.0
1/19/2023 11:00 PM,31.69,19.83,60.0
1/19/2023 12:00 AM,34.05,22.43,45.0
1/19/2023 12:00 PM,33.14,22.2,54.2
1/19/2023 1:00 AM,37.12,23.0,28.8
1/19/2023 1:00 PM,33.05,20.38,41.7
1/19/2023 2:00 AM,39.84,24.42,66.4
1/19/2023 2:00 PM,30.83,19.24,20.5
1/19/2023 3:00 AM,40.08,25.68,75.4
1/19/2023 3:00 PM,27.87,18.76,79.2
1/19/2023 4:00 AM,42.92,26.21,53.7
1/19/2023 4:00 PM,27.04,18.29,22.6
1/19/2023 5:00 AM,40.72,27.63,87.4
1/19/2023 5:00 PM,25.7,17.18,34.8
1/19/2023 6:00 AM,40.68,27.25,14.1
1/19/2023 6:00 PM,26.44,17.15,33.2
1/19/2023 7:00 AM,42.06,27.2,50.4
1/19/2023 7:00 PM,27.74,18.02,79.7
1/19/2023 8:00 AM,41.71,26.66,67.5
1/19/2023 8:00 PM,26.61,17.79,63.8
1/19/2023 9:00 AM,40.03,26.12,79.0
1/19/2023 9:00 PM,29.38,19.77,73.7
1/2/2023 10:00 AM,35.16,24.26,50.2
1/2/2023 10:00 PM,26.0,19.83,21.4
1/2/2023 11:00 AM,31.2,24.08,45.9
1/2/2023 11:00 PM,29.46,19.92,72.0
1/2/2023 12:00 AM,29.7,22.86,35.7
1/2/2023 12:00 PM,30.57,21.39,56.9
1/2/2023 1:00 AM,32.43,23.51,48.1
1/2/2023 1:00 PM,26.34,19.97,60.0
1/2/2023 2:00 AM,33.11,24.52,28.1
1/2/2023 2:00 PM,25.05,19.61,15.7
1/2/2023 3:00 AM,36.3,25.6,61.2
1/2/2023 3:00 PM,24.93,18.99,64.6
1/2/2023 4:00 AM,36.61,26.64,88.3
1/2/2023 4:00 PM,24.21,18.51,29.4
1/2/2023 5:00 AM,37.73,26.32,58.3
1/2/2023 5:00 PM,22.85,16.94,67.1
1/2/2023 6:00 AM,37.7,26.87,38.6
1/2/2023 6:00 PM,22.3,17.54,75.8
1/2/2023 7:00 AM,39.89,26.0,61.8
1/2/2023 7:00 PM,22.4,17.15,74.3
1/2/2023 8:00 AM,37.23,26.53,19.8
1/2/2023 8:00 PM,22.03,17.58,54.2
1/2/2023 9:00 AM,34.93,25.86,81.1
1/2/2023 9:00 PM,24.07,18.91,51.6
1/20/2023 10:00 AM,39.27,25.33,59.7
1/20/2023 10:00 PM,33.86,19.06,85.6
1/20/2023 11:00 AM,37.5,23.49,36.7
1/20/2023 11:00 PM,33.84,20.49,61.3
1/20/2023 12:00 AM,34.45,22.38,55.7
1/20/2023 12:00 PM,34.15,21.4,68.6
1/20/2023 1:00 AM,35.61,23.48,76.6
1/20/2023 1:00 PM,32.04,20.93,42.4
1/20/2023 2:00 AM,38.03,25.14,82.5
1/20/2023 2:00 PM,30.42,20.1,15.5
1/20/2023 3:00 AM,39.05,25.87,11.0
1/20/2023 3:00 PM,26.75,18.16,72.7
1/20/2023 4:00 AM,43.49,26.26,63.9
1/20/2023 4:00 PM,26.28,17.6,32.9
1/20/2023 5:00 AM,42.37,26.22,14.1
1/20/2023 5:00 PM,28.37,17.18,44.6
1/20/2023 6:00 AM,41.92,26.9,53.9
1/20/2023 6:00 PM,28.38,16.61,64.8
1/20/2023 7:00 AM,42.57,26.4,33.0
1/20/2023 7:00 PM,26.77,17.49,36.6
1/20/2023 8:00 AM,41.46,26.04,34.5
1/20/2023 8:00 PM,28.41,17.61,14.5
1/20/2023 9:00 AM,40.09,25.83,38.2
1/20/2023 9:00 PM,29.42,18.67,39.9
1/21/2023 10:00 AM,38.89,24.22,15.4
1/21/2023 10:00 PM,29.62,19.09,26.4
1/21/2023 11:00 AM,38.46,24.57,51.5
1/21/2023 11:00 PM,33.52,20.7,48.6
1/21/2023 12:00 AM,34.67,22.36,63.7
1/21/2023 12:00 PM,35.0,21.72,24.3
1/21/2023 1:00 AM,35.93,23.11,60.6
1/21/2023 1:00 PM,32.0,20.8,87.7
1/21/2023 2:00 AM,37.21,25.36,25.9
1/21/2023 2:00 PM,32.46,20.27,19.1
1/21/2023 3:00 AM,40.69,25.34,43.5
1/21/2023 3:00 PM,29.83,19.47,42.3
1/21/2023 4:00 AM,41.01,26.44,70.1
1/21/2023 4:00 PM,26.99,18.7,69.0
1/21/2023 5:00 AM,41.16,27.3,18.1
1/21/2023 5:00 PM,27.05,17.77,66.4
1/21/2023 6:00 AM,42.21,26.29,32.2
1/21/2023 6:00 PM,26.1,17.51,43.8
1/21/2023 7:00 AM,41.52,25.95,32.1
1/21/2023 7:00 PM,25.88,17.47,37.7
1/21/2023 8:00 AM,43.5,25.57,44.6
1/21/2023 8:00 PM,29.0,18.06,41.8
1/21/2023 9:00 AM,41.43,26.17,88.4
1/21/2023 9:00 PM,31.26,18.19,31.1
1/22/2023 10:00 AM,38.56,24.46,57.9
1/22/2023 10:00 PM,29.63,20.44,57.8
1/22/2023 11:00 AM,37.98,23.23,59.9
1/22/2023 11:00 PM,33.25,21.48,79.3
1/22/2023 12:00 AM,34.39,21.91,31.5
1/22/2023 12:00 PM,35.66,22.76,61.9
1/22/2023 1:00 AM,36.63,23.07,33.0
1/22/2023 1:00 PM,32.12,21.02,31.4
1/22/2023 2:00 AM,38.47,24.85,62.5
1/22/2023 2:00 PM,31.28,18.99,11.2
1/22/2023 3:00 AM,39.86,26.01,87.5
1/22/2023 3:00 PM,30.28,19.39,87.2
1/22/2023 4:00 AM,42.06,26.37,58.3
1/22/2023 4:00 PM,26.6,18.28,30.1
1/22/2023 5:00 AM,41.99,27.57,16.2
1/22/2023 5:00 PM,28.03,17.46,64.1
1/22/2023 6:00 AM,43.37,26.43,16.0
1/22/2023 6:00 PM,26.56,16.89,66.5
1/22/2023 7:00 AM,42.79,26.73,86.1
1/22/2023 7:00 PM,28.07,16.69,58.8
1/22/2023 8:00 AM,41.81,25.97,33.8
1/22/2023 8:00 PM,27.55,17.48,35.0
1/22/2023 9:00 AM,39.88,24.6,17.4
1/22/2023 9:00 PM,27.79,19.01,31.7
1/23/2023 10:00 AM,40.39,23.92,42.7
1/23/2023 10:00 PM,31.59,19.45,10.7
1/23/2023 11:00 AM,36.88,21.86,11.2
1/23/2023 11:00 PM,33.28,20.6,44.7
1/23/2023 12:00 AM,35.54,21.76,85.7
1/23/2023 12:00 PM,36.24,21.99,56.6
1/23/2023 1:00 AM,36.46,22.73,18.5
1/23/2023 1:00 PM,32.21,21.59,30.2
1/23/2023 2:00 AM,39.94,24.57,22.4
1/23/2023 2:00 PM,31.95,20.33,46.0
1/23/2023 3:00 AM,39.31,24.65,85.6
1/23/2023 3:00 PM,31.21,18.24,86.6
1/23/2023 4:00 AM,42.18,26.49,68.9
1/23/2023 4:00 PM,26.04,17.37,41.9
1/23/2023 5:00 AM,41.85,26.76,80.6
1/23/2023 5:00 PM,26.93,17.4,77.2
1/23/2023 6:00 AM,42.69,26.77,26.2
1/23/2023 6:00 PM,28.04,16.5,25.1
1/23/2023 7:00 AM,43.12,26.03,57.0
1/23/2023 7:00 PM,27.54,17.32,63.8
1/23/2023 8:00 AM,41.43,26.59,66.1
1/23/2023 8:00 PM,28.92,18.05,88.2
1/23/2023 9:00 AM,40.64,25.27,64.4
1/23/2023 9:00 PM,29.23,19.08,18.2
1/24/2023 10:00 AM,40.49,23.29,61.0
1/24/2023 10:00 PM,32.57,19.73,15.0
1/24/2023 11:00 AM,37.37,23.74,29.4
1/24/2023 11:00 PM,31.47,20.69,46.7
1/24/2023 12:00 AM,36.69,21.56,17.4
1/24/2023 12:00 PM,36.84,22.37,67.1
1/24/2023 1:00 AM,37.85,22.88,69.9
1/24/2023 1:00 PM,33.17,20.57,17.3
1/24/2023 2:00 AM,39.88,24.39,83.2
1/24/2023 2:00 PM,29.62,19.53,25.9
1/24/2023 3:00 AM,40.79,25.72,44.7
1/24/2023 3:00 PM,29.01,18.72,80.2
1/24/2023 4:00 AM,42.0,26.79,30.7
1/24/2023 4:00 PM,26.88,16.89,69.1
1/24/2023 5:00 AM,42.86,26.43,44.8
1/24/2023 5:00 PM,27.61,16.91,11.1
1/24/2023 6:00 AM,43.97,27.75,67.9
1/24/2023 6:00 PM,27.72,17.4,29.9
1/24/2023 7:00 AM,42.9,26.69,10.7
1/24/2023 7:00 PM,29.66,16.54,27.2
1/24/2023 8:00 AM,42.82,26.32,57.2
1/24/2023 8:00 PM,29.12,17.82,31.7
1/24/2023 9:00 AM,43.34,25.16,59.1
1/24/2023 9:00 PM,29.85,17.79,29.8
1/25/2023 10:00 AM,39.4,24.59,26.0
1/25/2023 10:00 PM,31.54,19.51,81.6
1/25/2023 11:00 AM,37.09,23.11,59.3
1/25/2023 11:00 PM,34.3,20.34,63.3
1/25/2023 12:00 AM,36.0,21.19,68.6
1/25/2023 12:00 PM,36.71,21.59,69.4
1/25/2023 1:00 AM,38.61,23.88,58.5
1/25/2023 1:00 PM,32.96,20.75,69.0
1/25/2023 2:00 AM,38.3,24.13,63.8
1/25/2023 2:00 PM,31.97,18.96,51.7
1/25/2023 3:00 AM,42.59,25.13,16.5
1/25/2023 3:00 PM,29.78,17.0,15.5
1/25/2023 4:00 AM,43.07,26.43,86.1
1/25/2023 4:00 PM,29.47,17.89,39.7
1/25/2023 5:00 AM,43.12,27.4,77.1
1/25/2023 5:00 PM,28.54,17.62,83.7
1/25/2023 6:00 AM,44.45,26.49,74.4
1/25/2023 6:00 PM,28.98,15.82,56.8
1/25/2023 7:00 AM,45.83,26.86,75.8
1/25/2023 7:00 PM,27.71,16.67,53.1
1/25/2023 8:00 AM,42.95,26.54,84.6
1/25/2023 8:00 PM,28.76,17.98,31.5
1/25/2023 9:00 AM,41.76,25.88,53.5
1/25/2023 9:00 PM,29.33,19.49,39.5
1/26/2023 10:00 AM,40.75,24.35,76.0
1/26/2023 10:00 PM,34.1,19.96,62.4
1/26/2023 11:00 AM,38.12,22.51,33.4
1/26/2023 11:00 PM,35.5,20.37,30.8
1/26/2023 12:00 AM,36.76,21.91,73.0
1/26/2023 12:00 PM,36.4,22.44,45.5
1/26/2023 1:00 AM,37.16,23.98,46.3
1/26/2023 1:00 PM,32.93,20.67,11.8
1/26/2023 2:00 AM,40.89,24.18,60.4
1/26/2023 2:00 PM,34.59,19.41,34.1
1/26/2023 3:00 AM,43.04,25.14,29.9
1/26/2023 3:00 PM,30.62,20.06,50.2
1/26/2023 4:00 AM,43.38,26.09,66.4
1/26/2023 4:00 PM,29.34,17.82,14.5
1/26/2023 5:00 AM,45.65,26.35,44.2
1/26/2023 5:00 PM,29.17,16.79,49.3
1/26/2023 6:00 AM,43.29,27.06,45.4
1/26/2023 6:00 PM,28.66,16.79,84.2
1/26/2023 7:00 AM,42.55,27.64,61.9
1/26/2023 7:00 PM,28.69,17.74,18.4
1/26/2023 8:00 AM,41.23,26.49,84.9
1/26/2023 8:00 PM,28.48,17.73,71.2
1/26/2023 9:00 AM,43.24,25.41,15.1
1/26/2023 9:00 PM,31.02,17.75,42.8
1/27/2023 10:00 AM,39.33,24.33,34.8
1/27/2023 10:00 PM,29.76,19.41,38.4
1/27/2023 11:00 AM,36.77,23.09,30.0
1/27/2023 11:00 PM,34.35,21.2,50.5
1/27/2023 12:00 AM,37.83,22.94,22.8
1/27/2023 12:00 PM,37.18,21.52,51.2
1/27/2023 1:00 AM,37.81,23.83,22.8
1/27/2023 1:00 PM,34.37,20.92,52.8
1/27/2023 2:00 AM,39.27,24.28,15.6
1/27/2023 2:00 PM,31.09,20.53,38.6
1/27/2023 3:00 AM,41.8,26.18,24.9
1/27/2023 3:00 PM,29.44,17.93,38.3
1/27/2023 4:00 AM,43.26,26.36,63.1
1/27/2023 4:00 PM,29.14,17.68,76.3
1/27/2023 5:00 AM,45.11,27.26,80.5
1/27/2023 5:00 PM,30.35,17.88,73.1
1/27/2023 6:00 AM,42.61,27.24,75.1
1/27/2023 6:00 PM,28.16,16.96,34.6
1/27/2023 7:00 AM,45.57,26.41,64.8
1/27/2023 7:00 PM,27.2,17.4,83.1
1/27/2023 8:00 AM,43.09,26.01,18.8
1/27/2023 8:00 PM,29.27,17.14,86.2
1/27/2023 9:00 AM,41.56,26.05,33.1
1/27/2023 9:00 PM,30.52,18.68,36.1
1/28/2023 10:00 AM,40.78,24.0,78.7
1/28/2023 10:00 PM,33.95,19.38,67.5
1/28/2023 11:00 AM,38.52,23.86,69.9
1/28/2023 11:00 PM,32.57,20.52,68.6
1/28/2023 12:00 AM,36.25,22.59,85.3
1/28/2023 12:00 PM,36.03,22.66,45.1
1/28/2023 1:00 AM,39.26,24.59,80.1
1/28/2023 1:00 PM,33.99,20.65,58.8
1/28/2023 2:00 AM,42.35,24.79,18.2
1/28/2023 2:00 PM,32.59,18.44,22.8
1/28/2023 3:00 AM,43.29,25.7,41.4
1/28/2023 3:00 PM,30.43,18.16,63.9
1/28/2023 4:00 AM,43.18,26.43,54.3
1/28/2023 4:00 PM,29.0,18.32,24.3
1/28/2023 5:00 AM,43.15,26.65,50.3
1/28/2023 5:00 PM,29.03,17.16,65.5
1/28/2023 6:00 AM,47.11,27.17,25.5
1/28/2023 6:00 PM,28.41,16.5,28.4
1/28/2023 7:00 AM,44.34,26.68,78.7
1/28/2023 7:00 PM,30.45,16.92,19.4
1/28/2023 8:00 AM,43.5,26.41,64.2
1/28/2023 8:00 PM,27.1,18.09,23.2
1/28/2023 9:00 AM,42.2,26.19,77.0
1/28/2023 9:00 PM,32.12,18.74,10.2
1/29/2023 10:00 AM,40.3,24.05,51.5
1/29/2023 10:00 PM,33.53,19.56,53.3
1/29/2023 11:00 AM,39.39,23.46,58.6
1/29/2023 11:00 PM,34.57,21.68,65.7
1/29/2023 12:00 AM,36.38,21.8,51.2
1/29/2023 12:00 PM,35.62,21.41,29.6
1/29/2023 1:00 AM,38.43,22.83,22.9
1/29/2023 1:00 PM,35.49,21.3,14.6
1/29/2023 2:00 AM,39.33,25.31,16.7
1/29/2023 2:00 PM,32.62,19.27,41.3
1/29/2023 3:00 AM,41.63,25.37,11.5
1/29/2023 3:00 PM,30.84,18.57,28.7
1/29/2023 4:00 AM,42.58,26.94,23.3
1/29/2023 4:00 PM,30.66,17.81,27.6
1/29/2023 5:00 AM,46.25,27.59,81.3
1/29/2023 5:00 PM,29.61,17.04,86.8
1/29/2023 6:00 AM,45.72,27.5,29.3
1/29/2023 6:00 PM,28.54,17.29,59.3
1/29/2023 7:00 AM,45.79,26.61,38.3
1/29/2023 7:00 PM,30.34,16.93,54.6
1/29/2023 8:00 AM,44.45,26.53,18.4
1/29/2023 8:00 PM,28.91,18.11,43.3
1/29/2023 9:00 AM,41.34,25.52,27.8
1/29/2023 9:00 PM,31.89,17.79,44.3
1/3/2023 10:00 AM,34.91,24.77,13.7
1/3/2023 10:00 PM,27.06,19.48,77.4
1/3/2023 11:00 AM,33.64,23.11,32.1
1/3/2023 11:00 PM,30.18,20.94,35.1
1/3/2023 12:00 AM,30.82,22.74,31.7
1/3/2023 12:00 PM,30.12,22.39,66.6
1/3/2023 1:00 AM,30.8,23.98,49.7
1/3/2023 1:00 PM,28.35,19.28,15.0
1/3/2023 2:00 AM,34.82,24.19,32.7
1/3/2023 2:00 PM,25.51,20.07,77.1
1/3/2023 3:00 AM,35.78,25.73,20.7
1/3/2023 3:00 PM,23.78,17.59,10.3
1/3/2023 4:00 AM,36.77,26.58,60.4
1/3/2023 4:00 PM,24.52,17.49,29.7
1/3/2023 5:00 AM,38.87,26.96,14.3
1/3/2023 5:00 PM,24.28,16.61,69.3
1/3/2023 6:00 AM,39.57,26.72,69.9
1/3/2023 6:00 PM,22.59,16.35,35.3
1/3/2023 7:00 AM,39.21,26.49,35.4
1/3/2023 7:00 PM,23.95,17.75,18.2
1/3/2023 8:00 AM,36.65,26.32,10.0
1/3/2023 8:00 PM,24.11,17.44,38.8
1/3/2023 9:00 AM,35.92,26.12,50.9
1/3/2023 9:00 PM,24.39,18.64,31.6
1/30/2023 10:00 AM,39.78,24.84,37.0
1/30/2023 10:00 PM,32.82,19.85,47.9
1/30/2023 11:00 AM,40.9,24.24,21.4
1/30/2023 11:00 PM,35.06,20.49,54.9
1/30/2023 12:00 AM,37.29,21.5,66.2
1/30/2023 12:00 PM,35.0,21.93,65.4
1/30/2023 1:00 AM,37.79,22.96,23.7
1/30/2023 1:00 PM,36.72,20.22,26.5
1/30/2023 2:00 AM,41.9,24.76,50.0
1/30/2023 2:00 PM,33.31,20.05,41.3
1/30/2023 3:00 AM,42.46,25.63,43.0
1/30/2023 3:00 PM,31.36,18.4,81.7
1/30/2023 4:00 AM,43.41,26.51,79.6
1/30/2023 4:00 PM,29.65,16.58,26.3
1/30/2023 5:00 AM,45.79,27.07,60.5
1/30/2023 5:00 PM,29.8,17.59,50.6
1/30/2023 6:00 AM,44.32,27.32,52.6
1/30/2023 6:00 PM,29.1,16.73,43.5
1/30/2023 7:00 AM,43.35,27.38,19.2
1/30/2023 7:00 PM,30.53,17.13,11.4
1/30/2023 8:00 AM,42.41,26.54,58.5
1/30/2023 8:00 PM,30.35,17.84,73.4
1/30/2023 9:00 AM,43.31,25.41,19.4
1/30/2023 9:00 PM,31.66,18.56,15.5
1/31/2023 10:00 AM,41.5,24.39,36.7
1/31/2023 10:00 PM,32.8,19.54,15.4
1/31/2023 11:00 AM,38.4,23.12,73.3
1/31/2023 11:00 PM,35.39,21.29,80.2
1/31/2023 12:00 AM,37.51,22.26,60.3
1/31/2023 12:00 PM,37.73,21.99,46.1
1/31/2023 1:00 AM,37.57,23.16,65.1
1/31/2023 1:00 PM,33.56,20.55,24.7
1/31/2023 2:00 AM,39.87,24.87,30.3
1/31/2023 2:00 PM,34.37,19.9,78.4
1/31/2023 3:00 AM,43.63,25.84,10.8
1/31/2023 3:00 PM,32.17,17.66,80.6
1/31/2023 4:00 AM,44.34,25.86,67.9
1/31/2023 4:00 PM,30.69,17.14,47.3
1/31/2023 5:00 AM,44.79,27.37,52.9
1/31/2023 5:00 PM,30.63,16.64,16.1
1/31/2023 6:00 AM,45.28,26.73,76.9
1/31/2023 6:00 PM,31.05,17.48,41.0
1/31/2023 7:00 AM,45.34,27.23,75.7
1/31/2023 7:00 PM,30.68,18.03,74.3
1/31/2023 8:00 AM,43.67,26.51,77.5
1/31/2023 8:00 PM,28.63,17.62,82.1
1/31/2023 9:00 AM,42.17,26.45,48.8
1/31/2023 9:00 PM,30.47,18.38,26.3
1/4/2023 10:00 AM,36.3,24.34,60.6
1/4/2023 10:00 PM,26.55,19.87,72.5
1/4/2023 11:00 AM,32.38,24.33,66.3
1/4/2023 11:00 PM,27.42,20.67,61.5
1/4/2023 12:00 AM,30.68,22.04,73.1
1/4/2023 12:00 PM,30.03,22.19,10.3
1/4/2023 1:00 AM,34.37,22.65,81.3
1/4/2023 1:00 PM,28.28,20.92,23.4
1/4/2023 2:00 AM,32.12,25.0,44.7
1/4/2023 2:00 PM,27.78,20.02,67.0
1/4/2023 3:00 AM,37.23,25.29,82.8
1/4/2023 3:00 PM,25.54,18.58,63.3
1/4/2023 4:00 AM,37.78,25.55,40.2
1/4/2023 4:00 PM,23.42,17.54,87.3
1/4/2023 5:00 AM,38.2,26.62,87.1
1/4/2023 5:00 PM,23.68,17.07,70.9
1/4/2023 6:00 AM,38.87,27.75,17.1
1/4/2023 6:00 PM,23.0,16.96,86.1
1/4/2023 7:00 AM,36.53,27.25,65.0
1/4/2023 7:00 PM,24.15,17.15,66.2
1/4/2023 8:00 AM,37.51,26.16,49.5
1/4/2023 8:00 PM,23.29,18.03,33.8
1/4/2023 9:00 AM,36.82,25.36,41.0
1/4/2023 9:00 PM,24.95,18.49,18.4
1/5/2023 10:00 AM,36.95,24.81,71.4
1/5/2023 10:00 PM,28.32,19.6,20.9
1/5/2023 11:00 AM,33.32,22.77,43.3
1/5/2023 11:00 PM,29.87,21.23,62.1
1/5/2023 12:00 AM,31.26,22.04,13.9
1/5/2023 12:00 PM,31.34,21.69,75.8
1/5/2023 1:00 AM,33.3,22.29,38.8
1/5/2023 1:00 PM,28.95,21.66,78.0
1/5/2023 2:00 AM,34.99,24.96,86.5
1/5/2023 2:00 PM,25.18,19.4,27.0
1/5/2023 3:00 AM,36.41,25.71,50.0
1/5/2023 3:00 PM,25.43,18.57,62.6
1/5/2023 4:00 AM,36.51,26.83,44.6
1/5/2023 4:00 PM,24.25,18.1,47.8
1/5/2023 5:00 AM,38.32,25.38,46.6
1/5/2023 5:00 PM,25.87,17.42,80.4
1/5/2023 6:00 AM,38.68,28.04,26.7
1/5/2023 6:00 PM,22.95,17.08,27.3
1/5/2023 7:00 AM,37.96,26.76,39.5
1/5/2023 7:00 PM,23.72,17.35,64.2
1/5/2023 8:00 AM,37.81,26.88,39.6
1/5/2023 8:00 PM,24.2,18.87,58.6
1/5/2023 9:00 AM,37.11,25.02,14.2
1/5/2023 9:00 PM,24.34,18.44,33.6
1/6/2023 10:00 AM,33.75,24.66,18.9
1/6/2023 10:00 PM,25.81,19.42,52.5
1/6/2023 11:00 AM,33.45,23.51,51.3
1/6/2023 11:00 PM,29.54,20.77,57.6
1/6/2023 12:00 AM,31.99,22.55,69.1
1/6/2023 12:00 PM,30.26,22.81,31.4
1/6/2023 1:00 AM,32.37,23.89,35.3
1/6/2023 1:00 PM,29.73,20.93,76.8
1/6/2023 2:00 AM,36.62,24.82,61.6
1/6/2023 2:00 PM,26.42,19.38,11.2
1/6/2023 3:00 AM,35.49,24.96,41.6
1/6/2023 3:00 PM,27.24,18.95,40.3
1/6/2023 4:00 AM,38.76,27.15,67.1
1/6/2023 4:00 PM,23.65,18.26,37.0
1/6/2023 5:00 AM,41.17,26.26,25.9
1/6/2023 5:00 PM,23.32,16.56,11.5
1/6/2023 6:00 AM,38.27,27.15,81.2
1/6/2023 6:00 PM,24.19,17.3,19.9
1/6/2023 7:00 AM,38.43,26.45,33.0
1/6/2023 7:00 PM,22.43,17.52,43.1
1/6/2023 8:00 AM,38.31,26.3,39.4
1/6/2023 8:00 PM,24.7,17.52,49.4
1/6/2023 9:00 AM,36.44,25.7,14.6
1/6/2023 9:00 PM,27.06,19.15,42.3
1/7/2023 10:00 AM,35.83,25.32,20.0
1/7/2023 10:00 PM,28.48,20.19,10.1
1/7/2023 11:00 AM,32.91,23.8,11.4
1/7/2023 11:00 PM,31.5,20.99,34.0
1/7/2023 12:00 AM,31.7,21.91,10.8
1/7/2023 12:00 PM,33.43,21.66,71.6
1/7/2023 1:00 AM,34.3,23.3,47.1
1/7/2023 1:00 PM,29.97,21.83,74.6
1/7/2023 2:00 AM,34.22,23.95,87.1
1/7/2023 2:00 PM,26.39,19.99,19.6
1/7/2023 3:00 AM,35.81,24.82,51.5
1/7/2023 3:00 PM,26.59,18.3,31.2
1/7/2023 4:00 AM,38.93,27.13,64.2
1/7/2023 4:00 PM,23.7,16.42,11.4
1/7/2023 5:00 AM,39.51,26.41,34.9
1/7/2023 5:00 PM,24.67,18.32,33.5
1/7/2023 6:00 AM,39.75,26.5,71.9
1/7/2023 6:00 PM,24.78,16.31,71.9
1/7/2023 7:00 AM,39.58,25.75,71.8
1/7/2023 7:00 PM,23.08,16.35,51.4
1/7/2023 8:00 AM,37.77,26.01,51.7
1/7/2023 8:00 PM,25.68,18.18,37.8
1/7/2023 9:00 AM,37.42,24.87,88.1
1/7/2023 9:00 PM,26.41,19.68,39.7
1/8/2023 10:00 AM,35.52,24.01,15.3
1/8/2023 10:00 PM,27.45,19.55,87.0
1/8/2023 11:00 AM,36.58,22.74,28.3
1/8/2023 11:00 PM,30.7,20.04,16.0
1/8/2023 12:00 AM,31.43,22.3,61.7
1/8/2023 12:00 PM,32.43,22.09,29.7
1/8/2023 1:00 AM,33.01,23.72,87.9
1/8/2023 1:00 PM,28.88,21.4,48.7
1/8/2023 2:00 AM,34.81,24.88,77.8
1/8/2023 2:00 PM,26.75,19.96,69.8
1/8/2023 3:00 AM,36.55,25.68,11.9
1/8/2023 3:00 PM,26.66,17.68,47.9
1/8/2023 4:00 AM,38.57,26.38,81.9
1/8/2023 4:00 PM,24.69,17.18,14.6
1/8/2023 5:00 AM,39.8,26.8,72.7
1/8/2023 5:00 PM,24.84,17.64,86.6
1/8/2023 6:00 AM,40.02,26.62,72.4
1/8/2023 6:00 PM,24.33,16.51,85.4
1/8/2023 7:00 AM,40.3,26.69,46.6
1/8/2023 7:00 PM,24.07,17.06,72.8
1/8/2023 8:00 AM,38.7,25.48,41.8
1/8/2023 8:00 PM,24.11,17.94,89.3
1/8/2023 9:00 AM,38.88,25.49,34.2
1/8/2023 9:00 PM,24.72,17.98,53.6
1/9/2023 10:00 AM,37.1,24.56,41.1
1/9/2023 10:00 PM,27.82,19.35,60.5
1/9/2023 11:00 AM,35.15,23.57,63.9
1/9/2023 11:00 PM,30.84,21.33,45.8
1/9/2023 12:00 AM,32.13,21.7,39.3
1/9/2023 12:00 PM,30.66,22.02,30.8
1/9/2023 1:00 AM,32.75,23.45,28.0
1/9/2023 1:00 PM,29.04,20.73,37.6
1/9/2023 2:00 AM,36.11,23.7,25.7
1/9/2023 2:00 PM,28.58,19.15,83.4
1/9/2023 3:00 AM,37.99,25.76,21.3
1/9/2023 3:00 PM,26.93,18.13,33.2
1/9/2023 4:00 AM,38.0,26.32,59.8
1/9/2023 4:00 PM,25.67,16.97,47.6
1/9/2023 5:00 AM,39.85,27.11,72.5
1/9/2023 5:00 PM,28.22,18.05,81.2
1/9/2023 6:00 AM,40.04,27.11,56.3
1/9/2023 6:00 PM,24.67,16.38,66.6
1/9/2023 7:00 AM,38.57,27.51,21.8
1/9/2023 7:00 PM,25.52,16.82,15.0
1/9/2023 8:00 AM,39.29,26.39,74.9
1/9/2023 8:00 PM,26.15,17.31,21.8
1/9/2023 9:00 AM,38.23,25.32,60.9
1/9/2023 9:00 PM,27.12,18.91,10.6
2/1/2023 10:00 AM,40.59,24.76,54.7
2/1/2023 10:00 PM,33.63,20.59,27.4
2/1/2023 11:00 AM,42.25,23.98,35.7
2/1/2023 11:00 PM,37.37,20.62,62.9
2/1/2023 12:00 AM,37.96,21.54,41.2
2/1/2023 12:00 PM,38.05,21.93,27.6
2/1/2023 1:00 AM,38.79,23.41,53.3
2/1/2023 1:00 PM,35.68,21.18,38.0
2/1/2023 2:00 AM,41.65,24.99,87.4
2/1/2023 2:00 PM,32.72,20.31,39.8
2/1/2023 3:00 AM,42.37,25.79,15.3
2/1/2023 3:00 PM,32.63,19.12,15.5
2/1/2023 4:00 AM,43.8,26.42,61.9
2/1/2023 4:00 PM,30.1,18.49,39.6
2/1/2023 5:00 AM,43.81,27.33,15.9
2/1/2023 5:00 PM,30.0,17.54,47.1
2/1/2023 6:00 AM,44.58,25.65,40.0
2/1/2023 6:00 PM,32.18,17.04,67.8
2/1/2023 7:00 AM,43.89,27.17,74.3
2/1/2023 7:00 PM,29.81,16.37,62.5
2/1/2023 8:00 AM,43.47,26.0,44.7
2/1/2023 8:00 PM,31.86,17.55,66.7
2/1/2023 9:00 AM,44.24,24.62,89.8
2/1/2023 9:00 PM,31.29,18.04,10.7
2/10/2023 10:00 AM,43.83,24.8,15.7
2/10/2023 10:00 PM,34.85,19.19,32.3
2/10/2023 11:00 AM,41.1,21.82,26.9
2/10/2023 11:00 PM,37.71,21.14,73.9
2/10/2023 12:00 AM,40.24,21.97,77.8
2/10/2023 12:00 PM,40.56,22.33,28.3
2/10/2023 1:00 AM,43.01,23.44,15.0
2/10/2023 1:00 PM,37.01,20.8,47.5
2/10/2023 2:00 AM,43.82,24.76,36.8
2/10/2023 2:00 PM,35.29,19.49,31.5
2/10/2023 3:00 AM,46.0,25.86,15.4
2/10/2023 3:00 PM,32.2,18.27,18.1
2/10/2023 4:00 AM,46.48,26.61,88.0
2/10/2023 4:00 PM,32.38,18.23,23.4
2/10/2023 5:00 AM,48.82,26.87,75.4
2/10/2023 5:00 PM,29.62,17.64,21.8
2/10/2023 6:00 AM,46.98,26.9,78.2
2/10/2023 6:00 PM,30.2,16.61,87.8
2/10/2023 7:00 AM,49.2,26.75,85.0
2/10/2023 7:00 PM,32.82,17.37,70.7
2/10/2023 8:00 AM,46.57,26.23,16.8
2/10/2023 8:00 PM,33.66,17.18,87.4
2/10/2023 9:00 AM,43.92,26.1,40.8
2/10/2023 9:00 PM,34.58,17.77,45.2
2/11/2023 10:00 AM,42.94,24.68,21.8
2/11/2023 11:00 AM,41.74,23.83,37.4
2/11/2023 12:00 AM,39.84,22.48,36.1
2/11/2023 12:00 PM,41.76,21.99,79.2
2/11/2023 1:00 AM,40.76,23.55,34.0
2/11/2023 1:00 PM,38.54,20.26,22.4
2/11/2023 2:00 AM,45.36,24.86,28.6
2/11/2023 2:00 PM,35.41,19.42,16.6
2/11/2023 3:00 AM,46.4,25.79,20.4
2/11/2023 3:00 PM,34.91,18.09,48.8
2/11/2023 4:00 AM,46.59,26.01,30.5
2/11/2023 5:00 AM,47.64,27.05,38.4
2/11/2023 6:00 AM,48.11,27.4,63.9
2/11/2023 7:00 AM,45.6,27.21,15.0
2/11/2023 8:00 AM,46.6,26.92,26.8
2/11/2023 9:00 AM,44.9,25.89,74.7
2/2/2023 10:00 AM,41.71,24.29,74.2
2/2/2023 10:00 PM,34.33,18.56,57.8
2/2/2023 11:00 AM,40.48,22.95,51.4
2/2/2023 11:00 PM,36.05,20.76,62.3
2/2/2023 12:00 AM,37.05,22.06,48.7
2/2/2023 12:00 PM,37.98,21.3,21.2
2/2/2023 1:00 AM,41.57,23.57,10.4
2/2/2023 1:00 PM,34.4,20.66,63.7
2/2/2023 2:00 AM,42.41,24.52,74.4
2/2/2023 2:00 PM,34.2,18.75,59.6
2/2/2023 3:00 AM,42.8,26.38,71.8
2/2/2023 3:00 PM,32.78,18.84,69.4
2/2/2023 4:00 AM,45.28,26.02,53.9
2/2/2023 4:00 PM,31.47,17.71,23.6
2/2/2023 5:00 AM,46.43,26.93,15.3
2/2/2023 5:00 PM,31.2,16.44,25.6
2/2/2023 6:00 AM,46.36,26.63,71.3
2/2/2023 6:00 PM,30.69,16.85,81.2
2/2/2023 7:00 AM,43.91,26.17,56.7
2/2/2023 7:00 PM,30.6,16.79,70.0
2/2/2023 8:00 AM,43.96,26.02,72.6
2/2/2023 8:00 PM,30.88,17.83,82.7
2/2/2023 9:00 AM,43.18,25.52,70.1
2/2/2023 9:00 PM,30.57,19.13,70.7
2/3/2023 10:00 AM,42.12,24.15,27.2
2/3/2023 10:00 PM,35.17,19.37,65.4
2/3/2023 11:00 AM,39.64,22.54,44.0
2/3/2023 11:00 PM,34.59,20.26,31.1
2/3/2023 12:00 AM,38.19,21.92,81.1
2/3/2023 12:00 PM,37.61,21.1,82.6
2/3/2023 1:00 AM,38.72,23.63,56.3
2/3/2023 1:00 PM,35.67,19.91,50.6
2/3/2023 2:00 AM,40.86,24.61,60.6
2/3/2023 2:00 PM,34.28,19.63,25.0
2/3/2023 3:00 AM,44.66,25.16,22.5
2/3/2023 3:00 PM,31.93,18.72,16.2
2/3/2023 4:00 AM,44.85,26.17,47.9
2/3/2023 4:00 PM,32.41,16.88,65.7
2/3/2023 5:00 AM,46.38,26.43,67.3
2/3/2023 5:00 PM,29.47,17.62,40.6
2/3/2023 6:00 AM,46.01,27.54,31.7
2/3/2023 6:00 PM,29.91,16.76,75.7
2/3/2023 7:00 AM,45.75,26.84,26.2
2/3/2023 7:00 PM,29.94,17.24,62.8
2/3/2023 8:00 AM,45.87,27.28,35.1
2/3/2023 8:00 PM,32.64,18.48,73.7
2/3/2023 9:00 AM,43.15,25.51,29.3
2/3/2023 9:00 PM,32.67,18.91,31.8
2/4/2023 10:00 AM,43.84,23.95,75.2
2/4/2023 10:00 PM,35.36,19.48,29.5
2/4/2023 11:00 AM,39.82,24.0,72.2
2/4/2023 11:00 PM,36.11,20.6,54.6
2/4/2023 12:00 AM,38.43,20.92,85.1
2/4/2023 12:00 PM,37.86,21.95,70.9
2/4/2023 1:00 AM,41.13,22.93,60.9
2/4/2023 1:00 PM,35.94,20.72,25.0
2/4/2023 2:00 AM,42.26,24.39,36.0
2/4/2023 2:00 PM,32.96,19.85,17.1
2/4/2023 3:00 AM,44.91,25.04,31.6
2/4/2023 3:00 PM,31.73,18.58,65.9
2/4/2023 4:00 AM,44.61,26.26,25.3
2/4/2023 4:00 PM,30.39,18.15,39.5
2/4/2023 5:00 AM,47.35,26.87,65.6
2/4/2023 5:00 PM,29.83,17.31,44.6
2/4/2023 6:00 AM,48.52,26.89,27.5
2/4/2023 6:00 PM,30.31,16.69,12.5
2/4/2023 7:00 AM,45.59,26.5,57.6
2/4/2023 7:00 PM,30.86,17.35,30.8
2/4/2023 8:00 AM,44.72,26.41,31.2
2/4/2023 8:00 PM,32.98,17.1,12.7
2/4/2023 9:00 AM,45.36,25.76,63.0
2/4/2023 9:00 PM,31.71,18.52,80.3
2/5/2023 10:00 AM,41.88,24.18,29.9
2/5/2023 10:00 PM,36.17,19.9,42.9
2/5/2023 11:00 AM,40.03,24.18,56.1
2/5/2023 11:00 PM,38.36,19.83,20.4
2/5/2023 12:00 AM,38.35,21.94,13.1
2/5/2023 12:00 PM,37.88,21.4,15.4
2/5/2023 1:00 AM,41.16,22.35,63.3
2/5/2023 1:00 PM,37.65,21.17,17.6
2/5/2023 2:00 AM,41.3,24.23,35.8
2/5/2023 2:00 PM,35.96,20.0,89.9
2/5/2023 3:00 AM,44.47,25.58,81.8
2/5/2023 3:00 PM,32.32,18.13,36.1
2/5/2023 4:00 AM,45.53,26.41,81.0
2/5/2023 4:00 PM,30.8,18.37,69.9
2/5/2023 5:00 AM,46.67,26.32,36.0
2/5/2023 5:00 PM,31.31,17.05,74.5
2/5/2023 6:00 AM,46.75,27.63,82.1
2/5/2023 6:00 PM,30.03,17.14,78.6
2/5/2023 7:00 AM,48.65,26.4,89.7
2/5/2023 7:00 PM,31.5,17.3,89.8
2/5/2023 8:00 AM,44.77,26.81,76.0
2/5/2023 8:00 PM,31.87,17.6,29.3
2/5/2023 9:00 AM,43.62,25.75,77.6
2/5/2023 9:00 PM,31.44,18.87,13.2
2/6/2023 10:00 AM,42.71,25.16,71.0
2/6/2023 10:00 PM,35.44,19.1,66.6
2/6/2023 11:00 AM,42.62,23.99,13.1
2/6/2023 11:00 PM,36.44,20.92,41.1
2/6/2023 12:00 AM,38.03,22.65,11.8
2/6/2023 12:00 PM,38.24,21.72,77.0
2/6/2023 1:00 AM,40.33,22.46,38.8
2/6/2023 1:00 PM,36.92,20.6,59.6
2/6/2023 2:00 AM,42.95,25.02,72.7
2/6/2023 2:00 PM,34.76,18.66,55.1
2/6/2023 3:00 AM,44.66,26.1,55.3
2/6/2023 3:00 PM,34.32,18.06,60.0
2/6/2023 4:00 AM,46.27,25.78,35.0
2/6/2023 4:00 PM,34.4,18.15,79.2
2/6/2023 5:00 AM,48.43,26.62,62.3
2/6/2023 5:00 PM,30.55,17.98,57.0
2/6/2023 6:00 AM,46.52,26.45,28.6
2/6/2023 6:00 PM,30.33,16.38,56.5
2/6/2023 7:00 AM,45.64,26.72,11.2
2/6/2023 7:00 PM,32.15,16.87,89.3
2/6/2023 8:00 AM,44.27,26.18,71.1
2/6/2023 8:00 PM,32.59,17.66,70.5
2/6/2023 9:00 AM,43.66,25.93,59.9
2/6/2023 9:00 PM,35.04,18.6,45.4
2/7/2023 10:00 AM,44.19,24.78,74.4
2/7/2023 10:00 PM,34.79,20.37,65.8
2/7/2023 11:00 AM,40.24,23.15,67.2
2/7/2023 11:00 PM,37.26,21.82,61.9
2/7/2023 12:00 AM,39.47,21.76,28.3
2/7/2023 12:00 PM,39.37,22.35,57.5
2/7/2023 1:00 AM,42.07,23.29,57.7
2/7/2023 1:00 PM,36.55,20.54,14.3
2/7/2023 2:00 AM,43.72,24.77,84.3
2/7/2023 2:00 PM,35.05,20.09,46.4
2/7/2023 3:00 AM,45.07,25.54,84.3
2/7/2023 3:00 PM,34.65,18.65,64.0
2/7/2023 4:00 AM,46.91,26.11,37.4
2/7/2023 4:00 PM,32.3,17.62,64.2
2/7/2023 5:00 AM,47.83,26.77,52.2
2/7/2023 5:00 PM,31.37,17.39,39.8
2/7/2023 6:00 AM,48.32,26.96,26.9
2/7/2023 6:00 PM,29.7,16.21,85.3
2/7/2023 7:00 AM,47.33,26.64,89.7
2/7/2023 7:00 PM,32.09,16.61,23.4
2/7/2023 8:00 AM,45.72,26.2,88.5
2/7/2023 8:00 PM,32.8,17.07,50.0
2/7/2023 9:00 AM,44.77,26.33,62.0
2/7/2023 9:00 PM,35.6,18.54,65.3
2/8/2023 10:00 AM,43.35,23.96,11.5
2/8/2023 10:00 PM,35.78,20.82,32.2
2/8/2023 11:00 AM,40.6,23.41,72.3
2/8/2023 11:00 PM,36.78,19.95,83.7
2/8/2023 12:00 AM,39.37,22.32,32.0
2/8/2023 12:00 PM,40.44,23.04,58.8
2/8/2023 1:00 AM,42.78,23.54,22.5
2/8/2023 1:00 PM,35.66,20.25,66.0
2/8/2023 2:00 AM,43.04,23.6,60.9
2/8/2023 2:00 PM,34.7,18.23,77.1
2/8/2023 3:00 AM,45.09,25.26,57.9
2/8/2023 3:00 PM,33.99,18.32,74.2
2/8/2023 4:00 AM,46.7,25.94,24.3
2/8/2023 4:00 PM,33.92,18.22,86.9
2/8/2023 5:00 AM,47.08,26.52,66.4
2/8/2023 5:00 PM,31.5,18.15,52.9
2/8/2023 6:00 AM,46.73,26.92,46.4
2/8/2023 6:00 PM,30.74,16.39,49.1
2/8/2023 7:00 AM,47.11,26.59,63.4
2/8/2023 7:00 PM,33.46,17.42,42.2
2/8/2023 8:00 AM,47.2,25.34,77.0
2/8/2023 8:00 PM,30.94,17.44,22.3
2/8/2023 9:00 AM,43.84,25.91,23.6
2/8/2023 9:00 PM,31.47,18.41,55.8
2/9/2023 10:00 AM,41.93,24.69,62.7
2/9/2023 10:00 PM,36.15,20.03,87.9
2/9/2023 11:00 AM,40.85,23.28,26.9
2/9/2023 11:00 PM,37.97,20.82,47.2
2/9/2023 12:00 AM,38.34,22.13,56.7
2/9/2023 12:00 PM,39.43,22.56,79.0
2/9/2023 1:00 AM,42.15,23.53,57.4
2/9/2023 1:00 PM,37.66,20.68,80.9
2/9/2023 2:00 AM,43.62,25.04,38.4
2/9/2023 2:00 PM,35.26,18.61,25.7
2/9/2023 3:00 AM,44.48,25.58,14.2
2/9/2023 3:00 PM,34.21,19.1,69.0
2/9/2023 4:00 AM,45.05,26.48,12.5
2/9/2023 4:00 PM,31.34,17.22,32.9
2/9/2023 5:00 AM,48.01,26.63,43.9
2/9/2023 5:00 PM,33.25,16.84,74.2
2/9/2023 6:00 AM,48.07,27.13,16.8
2/9/2023 6:00 PM,31.46,16.7,89.8
2/9/2023 7:00 AM,47.06,26.66,58.5
2/9/2023 7:00 PM,32.94,17.86,12.4
2/9/2023 8:00 AM,48.21,26.64,80.5
2/9/2023 8:00 PM,32.97,16.6,81.8
2/9/2023 9:00 AM,44.04,25.35,80.6
2/9/2023 9:00 PM,34.37,20.03,59.8
